"DatasetSize","TimeTaken"
1000,1.257236921
1000,1.242728375
1000,1.25199223
10000,12.12522136
10000,12.287451285
10000,12.49149042
