"DatasetSize","TimeTaken"
1000,1.372181635
10000,12.155483389
1e+05,121.603469369
